{"cameraMode":{"drawMode":0,"name":"Shaded","section":"Shading Mode"},"sceneLighting":false,"audioPlay":false,"sceneViewState":{"showFog":true,"showMaterialUpdate":false,"showSkybox":false,"showFlares":true,"showImageEffects":true,"showParticleSystems":true},"in2DMode":false,"pivot":{"x":1.3848539590835572,"y":2.4869120121002199,"z":-0.5059574842453003},"rotation":{"x":0.022429317235946657,"y":0.9472428560256958,"z":-0.31244614720344546,"w":0.06803927570581436},"size":10.7915678024292,"orthographic":false}