{"cameraMode":{"drawMode":0,"name":"Shaded","section":"Shading Mode"},"sceneLighting":true,"audioPlay":false,"sceneViewState":{"showFog":true,"showMaterialUpdate":false,"showSkybox":false,"showFlares":true,"showImageEffects":true,"showParticleSystems":true},"in2DMode":false,"pivot":{"x":178.05062866210938,"y":-1.3927898406982422,"z":32.156150817871097},"rotation":{"x":-0.04497809708118439,"y":-0.9055822491645813,"z":0.09927564114332199,"w":-0.4100525975227356},"size":86.2869644165039,"orthographic":false}