{"cameraMode":{"drawMode":0,"name":"Shaded","section":"Shading Mode"},"sceneLighting":false,"audioPlay":false,"sceneViewState":{"showFog":true,"showMaterialUpdate":false,"showSkybox":false,"showFlares":true,"showImageEffects":true,"showParticleSystems":true},"in2DMode":false,"pivot":{"x":174.7334442138672,"y":8.290081977844239,"z":89.59419250488281},"rotation":{"x":-0.3085081875324249,"y":-0.08774741739034653,"z":0.02852618508040905,"w":-0.9467681050300598},"size":17.77104377746582,"orthographic":false}