{"cameraMode":{"drawMode":0,"name":"Shaded","section":"Shading Mode"},"sceneLighting":true,"audioPlay":false,"sceneViewState":{"showFog":true,"showMaterialUpdate":false,"showSkybox":false,"showFlares":true,"showImageEffects":true,"showParticleSystems":true},"in2DMode":false,"pivot":{"x":158.90187072753907,"y":128.03213500976563,"z":103.90010833740235},"rotation":{"x":-0.189297154545784,"y":0.7537887692451477,"z":-0.2463575303554535,"w":-0.5790967345237732},"size":30.390060424804689,"orthographic":false}