{"cameraMode":{"drawMode":0,"name":"Shaded","section":"Shading Mode"},"sceneLighting":false,"audioPlay":false,"sceneViewState":{"showFog":true,"showMaterialUpdate":false,"showSkybox":false,"showFlares":true,"showImageEffects":true,"showParticleSystems":true},"in2DMode":false,"pivot":{"x":-1.9518157243728638,"y":-3.110290050506592,"z":-4.413000106811523},"rotation":{"x":0.06538770347833634,"y":-0.9342887997627258,"z":0.26069170236587527,"w":0.2342899888753891},"size":7.740825176239014,"orthographic":false}