{"cameraMode":{"drawMode":0,"name":"Shaded","section":"Shading Mode"},"sceneLighting":true,"audioPlay":false,"sceneViewState":{"showFog":true,"showMaterialUpdate":false,"showSkybox":false,"showFlares":true,"showImageEffects":true,"showParticleSystems":true},"in2DMode":false,"pivot":{"x":112.03840637207031,"y":-94.95307922363281,"z":86.19955444335938},"rotation":{"x":-0.3183550536632538,"y":-0.5980046987533569,"z":0.27986475825309756,"w":-0.6803081035614014},"size":293.0868835449219,"orthographic":false}